test_id,label,round,run_dir,config_file,data_source,database,executor_mode,deployment,test_mode,zipfian_exponent,target_rate,max_concurrency,concurrency,connection_pool_size,num_accounts,initial_balance,warmup_duration_secs,test_duration_secs,num_db_nodes,num_client_nodes,db_machine,client_machine,run_id,runs_completed,runs_planned,run_duration_secs,throughput_tps,latency_p50_us,latency_p95_us,latency_p99_us,latency_p999_us,latency_p50_ms,latency_p95_ms,latency_p99_ms,latency_p999_ms,completed_transfers,rejected_transfers,failed_transfers,dropped_transfers,balance_verified,agg_throughput_mean,agg_throughput_stddev,agg_throughput_cv,agg_throughput_min,agg_throughput_max,agg_latency_p50_mean_us,agg_latency_p95_mean_us,agg_latency_p99_mean_us,agg_latency_p999_mean_us,agg_total_completed,agg_total_rejected,agg_total_failed,agg_total_dropped,agg_error_rate,achieved_pct_of_target_rate,dropped_pct_of_offered,coordinator_warnings,coordinator_errors,notes
1,local/tigerbeetle/sanity,local-sanity,run_20260709_212453,config.sanity-tigerbeetle.toml,results/run_20260709_212453/results.json,tigerbeetle,,local,max_throughput,1.0,,,4,,1000,1000000,5,10,1,1,,,1,1,1,15.528,2463.7,1504,1960,2103,6138,1.504,1.96,2.103,6.138,24637,0,0,not tracked,True,2463.7,0.0,0.0,2463.7,2463.7,1504.0,1960.0,2103.0,6138.0,24637,0,0,not tracked,0.0,,,,,"10s sanity run, 1000 accounts, 1 node"
2,local/postgresql-standard/sanity-a,local-sanity,run_20260712_182452,config.sanity-postgresql.toml,results/run_20260712_182452/results.json,postgresql,,local,max_throughput,1.0,,,4,8,1000,1000000,5,10,1,1,,,1,1,1,15.458,2135.7,1442,1945,1989,2005,1.442,1.945,1.989,2.005,21357,0,0,not tracked,True,2135.7,0.0,0.0,2135.7,2135.7,1442.0,1945.0,1989.0,2005.0,21357,0,0,not tracked,0.0,,,,,"10s sanity run, 1000 accounts, 1 node"
3,local/postgresql-standard/sanity-b,local-sanity,run_20260712_182810,config.sanity-postgresql.toml,results/run_20260712_182810/results.json,postgresql,,local,max_throughput,1.0,,,4,8,1000,1000000,5,10,1,1,,,1,1,1,15.026,2503.5,1446,1946,1990,2687,1.446,1.946,1.99,2.687,25035,0,0,not tracked,True,2503.5,0.0,0.0,2503.5,2503.5,1446.0,1946.0,1990.0,2687.0,25035,0,0,not tracked,0.0,,,,,"10s sanity run, 1000 accounts, 1 node; repeat of sanity-a"
4,cloud/tigerbeetle/z1.0/rate5k-conc1k,original,run_20260714_073817,config.cloud-tigerbeetle-fixedrate.toml,results/run_20260714_073817/results.json (+ duplicated in tigerbeetle-vs-postgresql.md),tigerbeetle,,cloud,fixed_rate,1.0,5000,1000,,,100000,1000000,120,300,3,5,n2-highmem-4,n2-standard-2,1,3,3,422.395,4064.48,32264,509381,749088,988138,32.264,509.381,749.088,988.138,1212565,6780,0,not tracked,True,4097.14,24.47,0.005972,4064.48,4123.37,32288.3,508197.7,747922.3,986920.0,3666766,20664,0,not tracked,0.0,81.9,,,,
4,cloud/tigerbeetle/z1.0/rate5k-conc1k,original,run_20260714_073817,config.cloud-tigerbeetle-fixedrate.toml,results/run_20260714_073817/results.json (+ duplicated in tigerbeetle-vs-postgresql.md),tigerbeetle,,cloud,fixed_rate,1.0,5000,1000,,,100000,1000000,120,300,3,5,n2-highmem-4,n2-standard-2,2,3,3,423.427,4123.37,32309,511095,754691,991998,32.309,511.095,754.691,991.998,1230415,6597,0,not tracked,True,4097.14,24.47,0.005972,4064.48,4123.37,32288.3,508197.7,747922.3,986920.0,3666766,20664,0,not tracked,0.0,81.9,,,,
4,cloud/tigerbeetle/z1.0/rate5k-conc1k,original,run_20260714_073817,config.cloud-tigerbeetle-fixedrate.toml,results/run_20260714_073817/results.json (+ duplicated in tigerbeetle-vs-postgresql.md),tigerbeetle,,cloud,fixed_rate,1.0,5000,1000,,,100000,1000000,120,300,3,5,n2-highmem-4,n2-standard-2,3,3,3,422.848,4103.58,32292,504117,739988,980624,32.292,504.117,739.988,980.624,1223786,7287,0,not tracked,True,4097.14,24.47,0.005972,4064.48,4123.37,32288.3,508197.7,747922.3,986920.0,3666766,20664,0,not tracked,0.0,81.9,,,,
5,cloud/postgresql-standard/z1.0/rate5k-conc1k,original,run_20260714_080715,config.cloud-postgresql-fixedrate.toml,results/run_20260714_080715/results.json (+ duplicated in tigerbeetle-vs-postgresql.md),postgresql,standard,cloud,fixed_rate,1.0,5000,1000,,20,100000,1000000,120,300,3,5,n2-highmem-4,n2-standard-2,1,3,3,423.302,2872.58,323758,582761,960881,1493684,323.758,582.761,960.881,1493.684,857566,4208,0,not tracked,True,2889.61,22.64,0.007834,2872.58,2921.61,324680.3,581080.3,959680.7,1491808.7,2588256,12397,0,not tracked,0.0,57.8,,,,
5,cloud/postgresql-standard/z1.0/rate5k-conc1k,original,run_20260714_080715,config.cloud-postgresql-fixedrate.toml,results/run_20260714_080715/results.json (+ duplicated in tigerbeetle-vs-postgresql.md),postgresql,standard,cloud,fixed_rate,1.0,5000,1000,,20,100000,1000000,120,300,3,5,n2-highmem-4,n2-standard-2,2,3,3,423.632,2921.61,322113,575016,953982,1486332,322.113,575.016,953.982,1486.332,872462,4020,0,not tracked,True,2889.61,22.64,0.007834,2872.58,2921.61,324680.3,581080.3,959680.7,1491808.7,2588256,12397,0,not tracked,0.0,57.8,,,,
5,cloud/postgresql-standard/z1.0/rate5k-conc1k,original,run_20260714_080715,config.cloud-postgresql-fixedrate.toml,results/run_20260714_080715/results.json (+ duplicated in tigerbeetle-vs-postgresql.md),postgresql,standard,cloud,fixed_rate,1.0,5000,1000,,20,100000,1000000,120,300,3,5,n2-highmem-4,n2-standard-2,3,3,3,423.546,2874.66,328170,585464,964179,1495410,328.17,585.464,964.179,1495.41,858228,4169,0,not tracked,True,2889.61,22.64,0.007834,2872.58,2921.61,324680.3,581080.3,959680.7,1491808.7,2588256,12397,0,not tracked,0.0,57.8,,,,
6,cloud/tigerbeetle/z2.0/rate5k-conc1k,original,run_20260715_062158,config.cloud-tigerbeetle-hotspot.toml,tigerbeetle-vs-postgresql.md (embedded json; results/ dir not retained),tigerbeetle,,cloud,fixed_rate,2.0,5000,1000,,,100000,1000000,120,300,3,5,n2-highmem-4,n2-standard-2,1,3,3,422.781,4418.89,31757,359272,583990,736514,31.757,359.272,583.99,736.514,916611,409055,0,not tracked,True,4461.39,30.21,0.006771,4418.89,4486.4,32086.7,357501.7,560414.7,725978.3,2775927,1239321,0,not tracked,0.0,89.2,,,,
6,cloud/tigerbeetle/z2.0/rate5k-conc1k,original,run_20260715_062158,config.cloud-tigerbeetle-hotspot.toml,tigerbeetle-vs-postgresql.md (embedded json; results/ dir not retained),tigerbeetle,,cloud,fixed_rate,2.0,5000,1000,,,100000,1000000,120,300,3,5,n2-highmem-4,n2-standard-2,2,3,3,422.849,4478.87,31903,357625,550259,721692,31.903,357.625,550.259,721.692,927360,416301,0,not tracked,True,4461.39,30.21,0.006771,4418.89,4486.4,32086.7,357501.7,560414.7,725978.3,2775927,1239321,0,not tracked,0.0,89.2,,,,
6,cloud/tigerbeetle/z2.0/rate5k-conc1k,original,run_20260715_062158,config.cloud-tigerbeetle-hotspot.toml,tigerbeetle-vs-postgresql.md (embedded json; results/ dir not retained),tigerbeetle,,cloud,fixed_rate,2.0,5000,1000,,,100000,1000000,120,300,3,5,n2-highmem-4,n2-standard-2,3,3,3,260.605,4486.4,32600,355608,546995,719729,32.6,355.608,546.995,719.729,931956,413965,0,not tracked,True,4461.39,30.21,0.006771,4418.89,4486.4,32086.7,357501.7,560414.7,725978.3,2775927,1239321,0,not tracked,0.0,89.2,,,,
7,cloud/postgresql-standard/z2.0/rate5k-conc1k,original,run_20260715_065414,config.cloud-postgresql-hotspot.toml,tigerbeetle-vs-postgresql.md (embedded json; results/ dir not retained),postgresql,standard,cloud,fixed_rate,2.0,5000,1000,,20,100000,1000000,120,300,3,5,n2-highmem-4,n2-standard-2,1,3,3,424.371,748.29,1306581,1891212,2127272,2915907,1306.581,1891.212,2127.272,2915.907,158824,65662,0,not tracked,True,752.99,4.28,0.005678,748.29,758.63,1305662.3,1889723.0,2123027.0,2915993.3,479549,198138,0,not tracked,0.0,15.1,,,,
7,cloud/postgresql-standard/z2.0/rate5k-conc1k,original,run_20260715_065414,config.cloud-postgresql-hotspot.toml,tigerbeetle-vs-postgresql.md (embedded json; results/ dir not retained),postgresql,standard,cloud,fixed_rate,2.0,5000,1000,,20,100000,1000000,120,300,3,5,n2-highmem-4,n2-standard-2,2,3,3,424.904,758.63,1302970,1885190,2102109,2915656,1302.97,1885.19,2102.109,2915.656,160334,67255,0,not tracked,True,752.99,4.28,0.005678,748.29,758.63,1305662.3,1889723.0,2123027.0,2915993.3,479549,198138,0,not tracked,0.0,15.1,,,,
7,cloud/postgresql-standard/z2.0/rate5k-conc1k,original,run_20260715_065414,config.cloud-postgresql-hotspot.toml,tigerbeetle-vs-postgresql.md (embedded json; results/ dir not retained),postgresql,standard,cloud,fixed_rate,2.0,5000,1000,,20,100000,1000000,120,300,3,5,n2-highmem-4,n2-standard-2,3,3,3,424.803,752.04,1307436,1892767,2139700,2916417,1307.436,1892.767,2139.7,2916.417,160391,65221,0,not tracked,True,752.99,4.28,0.005678,748.29,758.63,1305662.3,1889723.0,2123027.0,2915993.3,479549,198138,0,not tracked,0.0,15.1,,,,
8,cloud/postgresql-atomic/z1.0/rate5k-conc1k,original,run_20260715_103147,config.cloud-postgresql-atomic-fixedrate.toml,tigerbeetle-vs-postgresql.md (embedded json; results/ dir not retained),postgresql,atomic,cloud,fixed_rate,1.0,5000,1000,,20,100000,1000000,120,300,3,5,n2-highmem-4,n2-standard-2,1,3,3,426.102,3056.19,304053,552877,925463,1470859,304.053,552.877,925.463,1470.859,912736,4121,0,not tracked,True,3068.18,8.59,0.0028,3056.19,3075.87,303723.0,556411.3,927474.0,1472718.0,2748278,13085,0,not tracked,0.0,61.4,,,,
8,cloud/postgresql-atomic/z1.0/rate5k-conc1k,original,run_20260715_103147,config.cloud-postgresql-atomic-fixedrate.toml,tigerbeetle-vs-postgresql.md (embedded json; results/ dir not retained),postgresql,atomic,cloud,fixed_rate,1.0,5000,1000,,20,100000,1000000,120,300,3,5,n2-highmem-4,n2-standard-2,2,3,3,423.586,3075.87,306434,563108,933899,1476319,306.434,563.108,933.899,1476.319,918441,4321,0,not tracked,True,3068.18,8.59,0.0028,3056.19,3075.87,303723.0,556411.3,927474.0,1472718.0,2748278,13085,0,not tracked,0.0,61.4,,,,
8,cloud/postgresql-atomic/z1.0/rate5k-conc1k,original,run_20260715_103147,config.cloud-postgresql-atomic-fixedrate.toml,tigerbeetle-vs-postgresql.md (embedded json; results/ dir not retained),postgresql,atomic,cloud,fixed_rate,1.0,5000,1000,,20,100000,1000000,120,300,3,5,n2-highmem-4,n2-standard-2,3,3,3,423.699,3072.48,300682,553249,923060,1470976,300.682,553.249,923.06,1470.976,917101,4643,0,not tracked,True,3068.18,8.59,0.0028,3056.19,3075.87,303723.0,556411.3,927474.0,1472718.0,2748278,13085,0,not tracked,0.0,61.4,,,,
9,cloud/postgresql-batched/z1.0/conc10,original,run_20260715_113912,config.cloud-postgresql-batched-fixedrate.toml,tigerbeetle-vs-postgresql.md (embedded json; results/ dir not retained),postgresql,batched,cloud,max_throughput,1.0,,,10,1,100000,1000000,120,300,3,5,n2-highmem-4,n2-standard-2,1,3,3,424.49,30.18,1275661,5000000,5000000,5000000,1275.661,5000.0,5000.0,5000.0,9053,0,420,not tracked,True,30.26,1.47,0.048609,28.5,32.1,1292642.7,5000000.0,5000000.0,5000000.0,27233,0,1278,not tracked,0.044824804461435934,,,,,"batched cannot run under fixed_rate (single shared connection cannot drain backlog within the coordinator's 480s SSH timeout); run as max_throughput instead, so NOT comparable to the fixed_rate rows"
9,cloud/postgresql-batched/z1.0/conc10,original,run_20260715_113912,config.cloud-postgresql-batched-fixedrate.toml,tigerbeetle-vs-postgresql.md (embedded json; results/ dir not retained),postgresql,batched,cloud,max_throughput,1.0,,,10,1,100000,1000000,120,300,3,5,n2-highmem-4,n2-standard-2,2,3,3,425.645,28.5,1341639,5000000,5000000,5000000,1341.639,5000.0,5000.0,5000.0,8550,0,435,not tracked,True,30.26,1.47,0.048609,28.5,32.1,1292642.7,5000000.0,5000000.0,5000000.0,27233,0,1278,not tracked,0.044824804461435934,,,,,"batched cannot run under fixed_rate (single shared connection cannot drain backlog within the coordinator's 480s SSH timeout); run as max_throughput instead, so NOT comparable to the fixed_rate rows"
9,cloud/postgresql-batched/z1.0/conc10,original,run_20260715_113912,config.cloud-postgresql-batched-fixedrate.toml,tigerbeetle-vs-postgresql.md (embedded json; results/ dir not retained),postgresql,batched,cloud,max_throughput,1.0,,,10,1,100000,1000000,120,300,3,5,n2-highmem-4,n2-standard-2,3,3,3,422.922,32.1,1260628,5000000,5000000,5000000,1260.628,5000.0,5000.0,5000.0,9630,0,423,not tracked,True,30.26,1.47,0.048609,28.5,32.1,1292642.7,5000000.0,5000000.0,5000000.0,27233,0,1278,not tracked,0.044824804461435934,,,,,"batched cannot run under fixed_rate (single shared connection cannot drain backlog within the coordinator's 480s SSH timeout); run as max_throughput instead, so NOT comparable to the fixed_rate rows"
10,cloud/postgresql-atomic/z2.0/rate5k-conc1k,original,run_20260715_134910,config.cloud-postgresql-atomic-hotspot.toml,tigerbeetle-vs-postgresql.md (embedded json; results/ dir not retained),postgresql,atomic,cloud,fixed_rate,2.0,5000,1000,,20,100000,1000000,120,300,3,5,n2-highmem-4,n2-standard-2,1,3,3,423.909,974.15,998815,1471680,1798279,2114429,998.815,1471.68,1798.279,2114.429,205591,86653,0,not tracked,True,976.69,12.08,0.012373,963.33,992.6,1001484.0,1471731.3,1820712.7,3137970.0,618274,260749,0,not tracked,0.0,19.5,,,,MISSING from results/end_results/ - postgresql_atomic_zipfian_2.json there is a byte-identical copy of the batched z1.0 run instead
10,cloud/postgresql-atomic/z2.0/rate5k-conc1k,original,run_20260715_134910,config.cloud-postgresql-atomic-hotspot.toml,tigerbeetle-vs-postgresql.md (embedded json; results/ dir not retained),postgresql,atomic,cloud,fixed_rate,2.0,5000,1000,,20,100000,1000000,120,300,3,5,n2-highmem-4,n2-standard-2,2,3,3,377.57,992.6,940715,1462410,1816226,5000000,940.715,1462.41,1816.226,5000.0,209841,87939,0,not tracked,True,976.69,12.08,0.012373,963.33,992.6,1001484.0,1471731.3,1820712.7,3137970.0,618274,260749,0,not tracked,0.0,19.5,,,,MISSING from results/end_results/ - postgresql_atomic_zipfian_2.json there is a byte-identical copy of the batched z1.0 run instead
10,cloud/postgresql-atomic/z2.0/rate5k-conc1k,original,run_20260715_134910,config.cloud-postgresql-atomic-hotspot.toml,tigerbeetle-vs-postgresql.md (embedded json; results/ dir not retained),postgresql,atomic,cloud,fixed_rate,2.0,5000,1000,,20,100000,1000000,120,300,3,5,n2-highmem-4,n2-standard-2,3,3,3,424.745,963.33,1064922,1481104,1847633,2299481,1064.922,1481.104,1847.633,2299.481,202842,86157,0,not tracked,True,976.69,12.08,0.012373,963.33,992.6,1001484.0,1471731.3,1820712.7,3137970.0,618274,260749,0,not tracked,0.0,19.5,,,,MISSING from results/end_results/ - postgresql_atomic_zipfian_2.json there is a byte-identical copy of the batched z1.0 run instead
11,cloud/postgresql-batched/z2.0/conc10,original,run_20260715_142200,config.cloud-postgresql-batched-hotspot.toml,tigerbeetle-vs-postgresql.md (embedded json; results/ dir not retained),postgresql,batched,cloud,max_throughput,2.0,,,10,1,100000,1000000,120,300,3,5,n2-highmem-4,n2-standard-2,1,3,3,430.612,6.53,1070199,5000000,5000000,5000000,1070.199,5000.0,5000.0,5000.0,1958,0,407,not tracked,True,7.51,0.91,0.121663,6.53,8.73,386086.3,5000000.0,5000000.0,5000000.0,6762,0,1345,not tracked,0.16590600715431109,,,High throughput variance: CV = 12.17% (threshold: 10%),High error rate: 16.59% (threshold: 5%),"max_throughput, not fixed_rate - see z1.0 batched row. Error rate breaches the coordinator's 5% threshold (deadlocks across concurrent batches; one deadlock fails the whole batch)"
11,cloud/postgresql-batched/z2.0/conc10,original,run_20260715_142200,config.cloud-postgresql-batched-hotspot.toml,tigerbeetle-vs-postgresql.md (embedded json; results/ dir not retained),postgresql,batched,cloud,max_throughput,2.0,,,10,1,100000,1000000,120,300,3,5,n2-highmem-4,n2-standard-2,2,3,3,431.869,7.28,47901,5000000,5000000,5000000,47.901,5000.0,5000.0,5000.0,2185,0,461,not tracked,True,7.51,0.91,0.121663,6.53,8.73,386086.3,5000000.0,5000000.0,5000000.0,6762,0,1345,not tracked,0.16590600715431109,,,High throughput variance: CV = 12.17% (threshold: 10%),High error rate: 16.59% (threshold: 5%),"max_throughput, not fixed_rate - see z1.0 batched row. Error rate breaches the coordinator's 5% threshold (deadlocks across concurrent batches; one deadlock fails the whole batch)"
11,cloud/postgresql-batched/z2.0/conc10,original,run_20260715_142200,config.cloud-postgresql-batched-hotspot.toml,tigerbeetle-vs-postgresql.md (embedded json; results/ dir not retained),postgresql,batched,cloud,max_throughput,2.0,,,10,1,100000,1000000,120,300,3,5,n2-highmem-4,n2-standard-2,3,3,3,437.025,8.73,40159,5000000,5000000,5000000,40.159,5000.0,5000.0,5000.0,2619,0,477,not tracked,True,7.51,0.91,0.121663,6.53,8.73,386086.3,5000000.0,5000000.0,5000000.0,6762,0,1345,not tracked,0.16590600715431109,,,High throughput variance: CV = 12.17% (threshold: 10%),High error rate: 16.59% (threshold: 5%),"max_throughput, not fixed_rate - see z1.0 batched row. Error rate breaches the coordinator's 5% threshold (deadlocks across concurrent batches; one deadlock fails the whole batch)"
12,cloud/tigerbeetle/z2.0/concurrency5k,knob-sweep,run_20260730_062414,config.cloud-tigerbeetle-hotspot-concurrency5k.toml,hotspot-knob-sweep-results.md (embedded json; results/ dir not retained),tigerbeetle,,cloud,fixed_rate,2.0,5000,5000,,,100000,1000000,120,300,3,5,n2-highmem-4,n2-standard-2,1,3,3,422.46,5040.08,37701,488116,683599,920320,37.701,488.116,683.599,920.32,1043947,468078,0,0,True,5060.2,15.8,0.003123,5040.08,5078.69,36926.3,480430.3,676111.0,908100.7,3137711,1416471,0,0,0.0,101.2,0.0,,,
12,cloud/tigerbeetle/z2.0/concurrency5k,knob-sweep,run_20260730_062414,config.cloud-tigerbeetle-hotspot-concurrency5k.toml,hotspot-knob-sweep-results.md (embedded json; results/ dir not retained),tigerbeetle,,cloud,fixed_rate,2.0,5000,5000,,,100000,1000000,120,300,3,5,n2-highmem-4,n2-standard-2,2,3,3,422.684,5061.84,36631,478278,673685,902210,36.631,478.278,673.685,902.21,1044625,473926,0,0,True,5060.2,15.8,0.003123,5040.08,5078.69,36926.3,480430.3,676111.0,908100.7,3137711,1416471,0,0,0.0,101.2,0.0,,,
12,cloud/tigerbeetle/z2.0/concurrency5k,knob-sweep,run_20260730_062414,config.cloud-tigerbeetle-hotspot-concurrency5k.toml,hotspot-knob-sweep-results.md (embedded json; results/ dir not retained),tigerbeetle,,cloud,fixed_rate,2.0,5000,5000,,,100000,1000000,120,300,3,5,n2-highmem-4,n2-standard-2,3,3,3,422.663,5078.69,36447,474897,671049,901772,36.447,474.897,671.049,901.772,1049139,474467,0,0,True,5060.2,15.8,0.003123,5040.08,5078.69,36926.3,480430.3,676111.0,908100.7,3137711,1416471,0,0,0.0,101.2,0.0,,,
13,cloud/tigerbeetle/z2.0/rate10k,knob-sweep,run_20260730_080216,config.cloud-tigerbeetle-hotspot-rate10k.toml,hotspot-knob-sweep-results.md (embedded json; results/ dir not retained),tigerbeetle,,cloud,fixed_rate,2.0,10000,5000,,,100000,1000000,120,300,3,5,n2-highmem-4,n2-standard-2,1,3,3,422.337,9402.49,37200,611824,839894,987432,37.2,611.824,839.894,987.432,1932577,888169,0,199905,True,9430.86,57.99,0.006149,9378.41,9511.68,37146.7,611202.3,837244.0,988821.3,5825978,2661796,0,598159,0.0,94.3,6.65,,,
13,cloud/tigerbeetle/z2.0/rate10k,knob-sweep,run_20260730_080216,config.cloud-tigerbeetle-hotspot-rate10k.toml,hotspot-knob-sweep-results.md (embedded json; results/ dir not retained),tigerbeetle,,cloud,fixed_rate,2.0,10000,5000,,,100000,1000000,120,300,3,5,n2-highmem-4,n2-standard-2,2,3,3,422.734,9511.68,36592,582409,788727,980946,36.592,582.409,788.727,980.946,1961491,892013,0,174547,True,9430.86,57.99,0.006149,9378.41,9511.68,37146.7,611202.3,837244.0,988821.3,5825978,2661796,0,598159,0.0,94.3,6.65,,,
13,cloud/tigerbeetle/z2.0/rate10k,knob-sweep,run_20260730_080216,config.cloud-tigerbeetle-hotspot-rate10k.toml,hotspot-knob-sweep-results.md (embedded json; results/ dir not retained),tigerbeetle,,cloud,fixed_rate,2.0,10000,5000,,,100000,1000000,120,300,3,5,n2-highmem-4,n2-standard-2,3,3,3,423.046,9378.41,37648,639374,883111,998086,37.648,639.374,883.111,998.086,1931910,881614,0,223707,True,9430.86,57.99,0.006149,9378.41,9511.68,37146.7,611202.3,837244.0,988821.3,5825978,2661796,0,598159,0.0,94.3,6.65,,,
14,cloud/postgresql-standard/z2.0/concurrency5k,knob-sweep,run_20260730_083128,config.cloud-postgresql-hotspot-concurrency5k.toml,hotspot-knob-sweep-results.md (embedded json; results/ dir not retained),postgresql,standard,cloud,fixed_rate,2.0,5000,5000,,20,100000,1000000,120,300,3,5,n2-highmem-4,n2-standard-2,1,3,3,430.802,682.44,5000000,5000000,5000000,5000000,5000.0,5000.0,5000.0,5000.0,146395,58338,0,1306481,True,682.87,1.9,0.002786,680.79,685.39,5000000.0,5000000.0,5000000.0,5000000.0,438900,175687,0,3943554,0.0,13.7,87.63,,,"ALL latency percentiles returned as exactly 5,000,000us - the +Inf overflow bucket, so these are LOWER bounds: true values are >=5s and could be anything above"
14,cloud/postgresql-standard/z2.0/concurrency5k,knob-sweep,run_20260730_083128,config.cloud-postgresql-hotspot-concurrency5k.toml,hotspot-knob-sweep-results.md (embedded json; results/ dir not retained),postgresql,standard,cloud,fixed_rate,2.0,5000,5000,,20,100000,1000000,120,300,3,5,n2-highmem-4,n2-standard-2,2,3,3,431.172,685.39,5000000,5000000,5000000,5000000,5000.0,5000.0,5000.0,5000.0,146796,58821,0,1327178,True,682.87,1.9,0.002786,680.79,685.39,5000000.0,5000000.0,5000000.0,5000000.0,438900,175687,0,3943554,0.0,13.7,87.63,,,"ALL latency percentiles returned as exactly 5,000,000us - the +Inf overflow bucket, so these are LOWER bounds: true values are >=5s and could be anything above"
14,cloud/postgresql-standard/z2.0/concurrency5k,knob-sweep,run_20260730_083128,config.cloud-postgresql-hotspot-concurrency5k.toml,hotspot-knob-sweep-results.md (embedded json; results/ dir not retained),postgresql,standard,cloud,fixed_rate,2.0,5000,5000,,20,100000,1000000,120,300,3,5,n2-highmem-4,n2-standard-2,3,3,3,431.725,680.79,5000000,5000000,5000000,5000000,5000.0,5000.0,5000.0,5000.0,145709,58528,0,1309895,True,682.87,1.9,0.002786,680.79,685.39,5000000.0,5000000.0,5000000.0,5000000.0,438900,175687,0,3943554,0.0,13.7,87.63,,,"ALL latency percentiles returned as exactly 5,000,000us - the +Inf overflow bucket, so these are LOWER bounds: true values are >=5s and could be anything above"
15,cloud/postgresql-standard/z2.0/rate10k,knob-sweep,run_20260730_085711,config.cloud-postgresql-hotspot-rate10k.toml,hotspot-knob-sweep-results.md (embedded json; results/ dir not retained),postgresql,standard,cloud,fixed_rate,2.0,10000,5000,,20,100000,1000000,120,300,3,5,n2-highmem-4,n2-standard-2,1,3,3,431.592,704.83,5000000,5000000,5000000,5000000,5000.0,5000.0,5000.0,5000.0,149933,61516,0,2858287,True,703.18,5.15,0.007321,696.22,708.5,5000000.0,5000000.0,5000000.0,5000000.0,447687,185179,0,8529844,0.0,7.0,94.78,,,ALL latency percentiles clamped at 5s ceiling
15,cloud/postgresql-standard/z2.0/rate10k,knob-sweep,run_20260730_085711,config.cloud-postgresql-hotspot-rate10k.toml,hotspot-knob-sweep-results.md (embedded json; results/ dir not retained),postgresql,standard,cloud,fixed_rate,2.0,10000,5000,,20,100000,1000000,120,300,3,5,n2-highmem-4,n2-standard-2,2,3,3,432.369,696.22,5000000,5000000,5000000,5000000,5000.0,5000.0,5000.0,5000.0,146799,62067,0,2814366,True,703.18,5.15,0.007321,696.22,708.5,5000000.0,5000000.0,5000000.0,5000000.0,447687,185179,0,8529844,0.0,7.0,94.78,,,ALL latency percentiles clamped at 5s ceiling
15,cloud/postgresql-standard/z2.0/rate10k,knob-sweep,run_20260730_085711,config.cloud-postgresql-hotspot-rate10k.toml,hotspot-knob-sweep-results.md (embedded json; results/ dir not retained),postgresql,standard,cloud,fixed_rate,2.0,10000,5000,,20,100000,1000000,120,300,3,5,n2-highmem-4,n2-standard-2,3,3,3,431.854,708.5,5000000,5000000,5000000,5000000,5000.0,5000.0,5000.0,5000.0,150955,61596,0,2857191,True,703.18,5.15,0.007321,696.22,708.5,5000000.0,5000000.0,5000000.0,5000000.0,447687,185179,0,8529844,0.0,7.0,94.78,,,ALL latency percentiles clamped at 5s ceiling
16,cloud/postgresql-atomic/z2.0/concurrency5k,knob-sweep,run_20260730_095258,config.cloud-postgresql-atomic-hotspot-concurrency5k.toml,hotspot-knob-sweep-results.md (embedded json; results/ dir not retained),postgresql,atomic,cloud,fixed_rate,2.0,5000,5000,,20,100000,1000000,120,300,3,5,n2-highmem-4,n2-standard-2,1,3,3,428.817,892.44,5000000,5000000,5000000,5000000,5000.0,5000.0,5000.0,5000.0,188411,79322,0,1254886,True,878.18,10.18,0.011592,869.34,892.44,5000000.0,5000000.0,5000000.0,5000000.0,557653,232712,0,3774546,0.0,17.6,83.88,,,ALL latency percentiles clamped at 5s ceiling
16,cloud/postgresql-atomic/z2.0/concurrency5k,knob-sweep,run_20260730_095258,config.cloud-postgresql-atomic-hotspot-concurrency5k.toml,hotspot-knob-sweep-results.md (embedded json; results/ dir not retained),postgresql,atomic,cloud,fixed_rate,2.0,5000,5000,,20,100000,1000000,120,300,3,5,n2-highmem-4,n2-standard-2,2,3,3,432.214,872.76,5000000,5000000,5000000,5000000,5000.0,5000.0,5000.0,5000.0,184800,77029,0,1252301,True,878.18,10.18,0.011592,869.34,892.44,5000000.0,5000000.0,5000000.0,5000000.0,557653,232712,0,3774546,0.0,17.6,83.88,,,ALL latency percentiles clamped at 5s ceiling
16,cloud/postgresql-atomic/z2.0/concurrency5k,knob-sweep,run_20260730_095258,config.cloud-postgresql-atomic-hotspot-concurrency5k.toml,hotspot-knob-sweep-results.md (embedded json; results/ dir not retained),postgresql,atomic,cloud,fixed_rate,2.0,5000,5000,,20,100000,1000000,120,300,3,5,n2-highmem-4,n2-standard-2,3,3,3,429.372,869.34,5000000,5000000,5000000,5000000,5000.0,5000.0,5000.0,5000.0,184442,76361,0,1267359,True,878.18,10.18,0.011592,869.34,892.44,5000000.0,5000000.0,5000000.0,5000000.0,557653,232712,0,3774546,0.0,17.6,83.88,,,ALL latency percentiles clamped at 5s ceiling
17,cloud/postgresql-atomic/z2.0/rate10k,knob-sweep,run_20260730_101757,config.cloud-postgresql-atomic-hotspot-rate10k.toml,hotspot-knob-sweep-results.md (embedded json; results/ dir not retained),postgresql,atomic,cloud,fixed_rate,2.0,10000,5000,,20,100000,1000000,120,300,3,5,n2-highmem-4,n2-standard-2,1,3,3,433.202,862.32,5000000,5000000,5000000,5000000,5000.0,5000.0,5000.0,5000.0,182876,75819,0,2773641,True,867.14,4.91,0.005665,862.32,873.88,5000000.0,5000000.0,5000000.0,5000000.0,550262,230167,0,8363650,0.0,8.7,92.93,,,ALL latency percentiles clamped at 5s ceiling
17,cloud/postgresql-atomic/z2.0/rate10k,knob-sweep,run_20260730_101757,config.cloud-postgresql-atomic-hotspot-rate10k.toml,hotspot-knob-sweep-results.md (embedded json; results/ dir not retained),postgresql,atomic,cloud,fixed_rate,2.0,10000,5000,,20,100000,1000000,120,300,3,5,n2-highmem-4,n2-standard-2,2,3,3,430.661,865.23,5000000,5000000,5000000,5000000,5000.0,5000.0,5000.0,5000.0,183145,76424,0,2800928,True,867.14,4.91,0.005665,862.32,873.88,5000000.0,5000000.0,5000000.0,5000000.0,550262,230167,0,8363650,0.0,8.7,92.93,,,ALL latency percentiles clamped at 5s ceiling
17,cloud/postgresql-atomic/z2.0/rate10k,knob-sweep,run_20260730_101757,config.cloud-postgresql-atomic-hotspot-rate10k.toml,hotspot-knob-sweep-results.md (embedded json; results/ dir not retained),postgresql,atomic,cloud,fixed_rate,2.0,10000,5000,,20,100000,1000000,120,300,3,5,n2-highmem-4,n2-standard-2,3,3,3,430.362,873.88,5000000,5000000,5000000,5000000,5000.0,5000.0,5000.0,5000.0,184241,77924,0,2789081,True,867.14,4.91,0.005665,862.32,873.88,5000000.0,5000000.0,5000000.0,5000000.0,550262,230167,0,8363650,0.0,8.7,92.93,,,ALL latency percentiles clamped at 5s ceiling
18,cloud/postgresql-standard/z2.0/concurrency5k-pool50,knob-sweep-pool50,run_20260730_123025,config.cloud-postgresql-hotspot-concurrency5k-pool50.toml,hotspot-knob-sweep-results.md (embedded json; results/ dir not retained),postgresql,standard,cloud,fixed_rate,2.0,5000,5000,,50,100000,1000000,120,300,3,5,n2-highmem-4,n2-standard-2,1,3,3,431.152,660.14,5000000,5000000,5000000,5000000,5000.0,5000.0,5000.0,5000.0,140724,57319,0,1334751,True,642.33,12.7,0.019777,631.4,660.14,5000000.0,5000000.0,5000000.0,5000000.0,411128,166969,0,4015443,0.0,12.8,89.23,,,run AFTER raising server max_connections 200->300; latencies clamped at 5s ceiling
18,cloud/postgresql-standard/z2.0/concurrency5k-pool50,knob-sweep-pool50,run_20260730_123025,config.cloud-postgresql-hotspot-concurrency5k-pool50.toml,hotspot-knob-sweep-results.md (embedded json; results/ dir not retained),postgresql,standard,cloud,fixed_rate,2.0,5000,5000,,50,100000,1000000,120,300,3,5,n2-highmem-4,n2-standard-2,2,3,3,433.275,635.44,5000000,5000000,5000000,5000000,5000.0,5000.0,5000.0,5000.0,135566,55067,0,1328058,True,642.33,12.7,0.019777,631.4,660.14,5000000.0,5000000.0,5000000.0,5000000.0,411128,166969,0,4015443,0.0,12.8,89.23,,,run AFTER raising server max_connections 200->300; latencies clamped at 5s ceiling
18,cloud/postgresql-standard/z2.0/concurrency5k-pool50,knob-sweep-pool50,run_20260730_123025,config.cloud-postgresql-hotspot-concurrency5k-pool50.toml,hotspot-knob-sweep-results.md (embedded json; results/ dir not retained),postgresql,standard,cloud,fixed_rate,2.0,5000,5000,,50,100000,1000000,120,300,3,5,n2-highmem-4,n2-standard-2,3,3,3,432.666,631.4,5000000,5000000,5000000,5000000,5000.0,5000.0,5000.0,5000.0,134838,54583,0,1352634,True,642.33,12.7,0.019777,631.4,660.14,5000000.0,5000000.0,5000000.0,5000000.0,411128,166969,0,4015443,0.0,12.8,89.23,,,run AFTER raising server max_connections 200->300; latencies clamped at 5s ceiling
19,cloud/postgresql-standard/z2.0/rate10k-pool50,knob-sweep-pool50,run_20260731_070224,config.cloud-postgresql-hotspot-rate10k-pool50.toml,hotspot-knob-sweep-results.md (embedded json; results/ dir not retained),postgresql,standard,cloud,fixed_rate,2.0,10000,5000,,50,100000,1000000,120,300,3,5,n2-highmem-4,n2-standard-2,1,3,3,432.29,646.23,5000000,5000000,5000000,5000000,5000.0,5000.0,5000.0,5000.0,137484,56384,0,2816688,True,652.62,8.24,0.012626,646.23,664.25,5000000.0,5000000.0,5000000.0,5000000.0,417497,169860,0,8534545,0.0,6.5,94.83,,,run AFTER raising server max_connections 200->300; latencies clamped at 5s ceiling
19,cloud/postgresql-standard/z2.0/rate10k-pool50,knob-sweep-pool50,run_20260731_070224,config.cloud-postgresql-hotspot-rate10k-pool50.toml,hotspot-knob-sweep-results.md (embedded json; results/ dir not retained),postgresql,standard,cloud,fixed_rate,2.0,10000,5000,,50,100000,1000000,120,300,3,5,n2-highmem-4,n2-standard-2,2,3,3,432.811,664.25,5000000,5000000,5000000,5000000,5000.0,5000.0,5000.0,5000.0,141526,57750,0,2879711,True,652.62,8.24,0.012626,646.23,664.25,5000000.0,5000000.0,5000000.0,5000000.0,417497,169860,0,8534545,0.0,6.5,94.83,,,run AFTER raising server max_connections 200->300; latencies clamped at 5s ceiling
19,cloud/postgresql-standard/z2.0/rate10k-pool50,knob-sweep-pool50,run_20260731_070224,config.cloud-postgresql-hotspot-rate10k-pool50.toml,hotspot-knob-sweep-results.md (embedded json; results/ dir not retained),postgresql,standard,cloud,fixed_rate,2.0,10000,5000,,50,100000,1000000,120,300,3,5,n2-highmem-4,n2-standard-2,3,3,3,432.911,647.38,5000000,5000000,5000000,5000000,5000.0,5000.0,5000.0,5000.0,138487,55726,0,2838146,True,652.62,8.24,0.012626,646.23,664.25,5000000.0,5000000.0,5000000.0,5000000.0,417497,169860,0,8534545,0.0,6.5,94.83,,,run AFTER raising server max_connections 200->300; latencies clamped at 5s ceiling
20,cloud/postgresql-atomic/z2.0/concurrency5k-pool50,knob-sweep-pool50,run_20260731_072822,config.cloud-postgresql-atomic-hotspot-concurrency5k-pool50.toml,hotspot-knob-sweep-results.md (embedded json; results/ dir not retained),postgresql,atomic,cloud,fixed_rate,2.0,5000,5000,,50,100000,1000000,120,300,3,5,n2-highmem-4,n2-standard-2,1,3,3,429.81,774.94,5000000,5000000,5000000,5000000,5000.0,5000.0,5000.0,5000.0,164760,67722,0,1279277,True,783.77,6.6,0.00842,774.94,790.81,5000000.0,5000000.0,5000000.0,5000000.0,498668,206721,0,3867317,0.0,15.7,85.94,,,run AFTER raising server max_connections 200->300; latencies clamped at 5s ceiling
20,cloud/postgresql-atomic/z2.0/concurrency5k-pool50,knob-sweep-pool50,run_20260731_072822,config.cloud-postgresql-atomic-hotspot-concurrency5k-pool50.toml,hotspot-knob-sweep-results.md (embedded json; results/ dir not retained),postgresql,atomic,cloud,fixed_rate,2.0,5000,5000,,50,100000,1000000,120,300,3,5,n2-highmem-4,n2-standard-2,2,3,3,430.263,785.55,5000000,5000000,5000000,5000000,5000.0,5000.0,5000.0,5000.0,166090,69575,0,1292488,True,783.77,6.6,0.00842,774.94,790.81,5000000.0,5000000.0,5000000.0,5000000.0,498668,206721,0,3867317,0.0,15.7,85.94,,,run AFTER raising server max_connections 200->300; latencies clamped at 5s ceiling
20,cloud/postgresql-atomic/z2.0/concurrency5k-pool50,knob-sweep-pool50,run_20260731_072822,config.cloud-postgresql-atomic-hotspot-concurrency5k-pool50.toml,hotspot-knob-sweep-results.md (embedded json; results/ dir not retained),postgresql,atomic,cloud,fixed_rate,2.0,5000,5000,,50,100000,1000000,120,300,3,5,n2-highmem-4,n2-standard-2,3,3,3,430.434,790.81,5000000,5000000,5000000,5000000,5000.0,5000.0,5000.0,5000.0,167818,69424,0,1295552,True,783.77,6.6,0.00842,774.94,790.81,5000000.0,5000000.0,5000000.0,5000000.0,498668,206721,0,3867317,0.0,15.7,85.94,,,run AFTER raising server max_connections 200->300; latencies clamped at 5s ceiling
21,cloud/postgresql-atomic/z2.0/rate10k-pool50,knob-sweep-pool50,run_20260731_075326,config.cloud-postgresql-atomic-hotspot-rate10k-pool50.toml,hotspot-knob-sweep-results.md (embedded json; results/ dir not retained),postgresql,atomic,cloud,fixed_rate,2.0,10000,5000,,50,100000,1000000,120,300,3,5,n2-highmem-4,n2-standard-2,1,3,3,430.836,791.71,5000000,5000000,5000000,5000000,5000.0,5000.0,5000.0,5000.0,169180,68333,0,2823005,True,795.92,3.82,0.004804,791.71,800.96,5000000.0,5000000.0,5000000.0,5000000.0,507465,208861,0,8483676,0.0,8.0,94.26,,,run AFTER raising server max_connections 200->300; latencies clamped at 5s ceiling
21,cloud/postgresql-atomic/z2.0/rate10k-pool50,knob-sweep-pool50,run_20260731_075326,config.cloud-postgresql-atomic-hotspot-rate10k-pool50.toml,hotspot-knob-sweep-results.md (embedded json; results/ dir not retained),postgresql,atomic,cloud,fixed_rate,2.0,10000,5000,,50,100000,1000000,120,300,3,5,n2-highmem-4,n2-standard-2,2,3,3,431.468,800.96,5000000,5000000,5000000,5000000,5000.0,5000.0,5000.0,5000.0,169680,70609,0,2829450,True,795.92,3.82,0.004804,791.71,800.96,5000000.0,5000000.0,5000000.0,5000000.0,507465,208861,0,8483676,0.0,8.0,94.26,,,run AFTER raising server max_connections 200->300; latencies clamped at 5s ceiling
21,cloud/postgresql-atomic/z2.0/rate10k-pool50,knob-sweep-pool50,run_20260731_075326,config.cloud-postgresql-atomic-hotspot-rate10k-pool50.toml,hotspot-knob-sweep-results.md (embedded json; results/ dir not retained),postgresql,atomic,cloud,fixed_rate,2.0,10000,5000,,50,100000,1000000,120,300,3,5,n2-highmem-4,n2-standard-2,3,3,3,432.34,795.08,5000000,5000000,5000000,5000000,5000.0,5000.0,5000.0,5000.0,168605,69919,0,2831221,True,795.92,3.82,0.004804,791.71,800.96,5000000.0,5000000.0,5000000.0,5000000.0,507465,208861,0,8483676,0.0,8.0,94.26,,,run AFTER raising server max_connections 200->300; latencies clamped at 5s ceiling
22,cloud/tigerbeetle/z2.0/rate20k,knob-sweep,run_20260807_071309,config.cloud-tigerbeetle-hotspot-rate20k.toml,hotspot-knob-sweep-results.md (embedded json; results/ dir not retained),tigerbeetle,,cloud,fixed_rate,2.0,20000,30000,,,100000,1000000,120,300,3,5,n2-highmem-4,n2-standard-2,1,3,3,422.27,20152.93,43492,861992,1029285,1452928,43.492,861.992,1029.285,1452.928,4131887,1913992,0,0,True,20257.46,73.92,0.003649,20152.93,20310.76,43314.7,846362.0,1046444.0,1453931.7,12472254,5759461,0,0,0.0,101.3,0.0,,,
22,cloud/tigerbeetle/z2.0/rate20k,knob-sweep,run_20260807_071309,config.cloud-tigerbeetle-hotspot-rate20k.toml,hotspot-knob-sweep-results.md (embedded json; results/ dir not retained),tigerbeetle,,cloud,fixed_rate,2.0,20000,30000,,,100000,1000000,120,300,3,5,n2-highmem-4,n2-standard-2,2,3,3,423.531,20308.69,43833,856669,1112028,1461202,43.833,856.669,1112.028,1461.202,4170273,1922334,0,0,True,20257.46,73.92,0.003649,20152.93,20310.76,43314.7,846362.0,1046444.0,1453931.7,12472254,5759461,0,0,0.0,101.3,0.0,,,
22,cloud/tigerbeetle/z2.0/rate20k,knob-sweep,run_20260807_071309,config.cloud-tigerbeetle-hotspot-rate20k.toml,hotspot-knob-sweep-results.md (embedded json; results/ dir not retained),tigerbeetle,,cloud,fixed_rate,2.0,20000,30000,,,100000,1000000,120,300,3,5,n2-highmem-4,n2-standard-2,3,3,3,423.501,20310.76,42619,820425,998019,1447665,42.619,820.425,998.019,1447.665,4170094,1923135,0,0,True,20257.46,73.92,0.003649,20152.93,20310.76,43314.7,846362.0,1046444.0,1453931.7,12472254,5759461,0,0,0.0,101.3,0.0,,,
23,cloud/tigerbeetle/z2.0/rate40k,knob-sweep,run_20260807_082727,config.cloud-tigerbeetle-hotspot-rate40k.toml,hotspot-knob-sweep-results.md (embedded json; results/ dir not retained),tigerbeetle,,cloud,fixed_rate,2.0,40000,100000,,,100000,1000000,120,300,3,5,n2-highmem-4,n2-standard-2,1,3,3,422.282,39722.51,74189,946028,1305695,1480569,74.189,946.028,1305.695,1480.569,8150380,3766373,0,0,True,40387.71,505.6,0.012519,39722.51,40947.43,73339.0,947746.3,1311625.7,1481162.3,24824699,11524242,0,0,0.0,101.0,0.0,,,"p999 lands just below the histogram's 1.5s bucket edge (quantisation) - treat as an UPPER bound: true value is in 1.0-1.5s, since the 2s/3s/5s buckets existed and stayed empty"
23,cloud/tigerbeetle/z2.0/rate40k,knob-sweep,run_20260807_082727,config.cloud-tigerbeetle-hotspot-rate40k.toml,hotspot-knob-sweep-results.md (embedded json; results/ dir not retained),tigerbeetle,,cloud,fixed_rate,2.0,40000,100000,,,100000,1000000,120,300,3,5,n2-highmem-4,n2-standard-2,2,3,3,423.132,40947.43,72542,954033,1327150,1482715,72.542,954.033,1327.15,1482.715,8375972,3908257,0,0,True,40387.71,505.6,0.012519,39722.51,40947.43,73339.0,947746.3,1311625.7,1481162.3,24824699,11524242,0,0,0.0,101.0,0.0,,,"p999 lands just below the histogram's 1.5s bucket edge (quantisation) - treat as an UPPER bound: true value is in 1.0-1.5s, since the 2s/3s/5s buckets existed and stayed empty"
23,cloud/tigerbeetle/z2.0/rate40k,knob-sweep,run_20260807_082727,config.cloud-tigerbeetle-hotspot-rate40k.toml,hotspot-knob-sweep-results.md (embedded json; results/ dir not retained),tigerbeetle,,cloud,fixed_rate,2.0,40000,100000,,,100000,1000000,120,300,3,5,n2-highmem-4,n2-standard-2,3,3,3,422.618,40493.2,73286,943178,1302032,1480203,73.286,943.178,1302.032,1480.203,8298347,3849612,0,0,True,40387.71,505.6,0.012519,39722.51,40947.43,73339.0,947746.3,1311625.7,1481162.3,24824699,11524242,0,0,0.0,101.0,0.0,,,"p999 lands just below the histogram's 1.5s bucket edge (quantisation) - treat as an UPPER bound: true value is in 1.0-1.5s, since the 2s/3s/5s buckets existed and stayed empty"
24,cloud/tigerbeetle/z2.0/rate80k,knob-sweep,run_20260807_091056,config.cloud-tigerbeetle-hotspot-rate80k.toml,hotspot-knob-sweep-results.md (embedded json; results/ dir not retained),tigerbeetle,,cloud,fixed_rate,2.0,80000,200000,,,100000,1000000,120,300,3,5,n2-highmem-4,n2-standard-2,1,3,3,422.956,80669.7,670047,1288070,1457614,1495761,670.047,1288.07,1457.614,1495.761,16519358,7681551,0,0,True,81171.16,355.12,0.004375,80669.7,81445.72,664143.7,1287510.3,1457557.3,1495817.7,49810823,23243220,0,0,0.0,101.5,0.0,,,"p99 and p999 land just below the histogram's 1.5s bucket edge (run-to-run CV ~0.01%) - UPPER bounds, true values in 1.0-1.5s, not lower bounds like PostgreSQL's exact-5s overflow values"
24,cloud/tigerbeetle/z2.0/rate80k,knob-sweep,run_20260807_091056,config.cloud-tigerbeetle-hotspot-rate80k.toml,hotspot-knob-sweep-results.md (embedded json; results/ dir not retained),tigerbeetle,,cloud,fixed_rate,2.0,80000,200000,,,100000,1000000,120,300,3,5,n2-highmem-4,n2-standard-2,2,3,3,423.295,81445.72,654291,1289401,1458046,1495991,654.291,1289.401,1458.046,1495.991,16643440,7790276,0,0,True,81171.16,355.12,0.004375,80669.7,81445.72,664143.7,1287510.3,1457557.3,1495817.7,49810823,23243220,0,0,0.0,101.5,0.0,,,"p99 and p999 land just below the histogram's 1.5s bucket edge (run-to-run CV ~0.01%) - UPPER bounds, true values in 1.0-1.5s, not lower bounds like PostgreSQL's exact-5s overflow values"
24,cloud/tigerbeetle/z2.0/rate80k,knob-sweep,run_20260807_091056,config.cloud-tigerbeetle-hotspot-rate80k.toml,hotspot-knob-sweep-results.md (embedded json; results/ dir not retained),tigerbeetle,,cloud,fixed_rate,2.0,80000,200000,,,100000,1000000,120,300,3,5,n2-highmem-4,n2-standard-2,3,3,3,423.429,81398.06,668093,1285060,1457012,1495701,668.093,1285.06,1457.012,1495.701,16648025,7771393,0,0,True,81171.16,355.12,0.004375,80669.7,81445.72,664143.7,1287510.3,1457557.3,1495817.7,49810823,23243220,0,0,0.0,101.5,0.0,,,"p99 and p999 land just below the histogram's 1.5s bucket edge (run-to-run CV ~0.01%) - UPPER bounds, true values in 1.0-1.5s, not lower bounds like PostgreSQL's exact-5s overflow values"
25,cloud/tigerbeetle/z2.0/rate160k,knob-sweep,run_20260807_120613,config.cloud-tigerbeetle-hotspot-rate160k.toml,hotspot-knob-sweep-results.md (recovered from coordinator log),tigerbeetle,,cloud,fixed_rate,2.0,160000,400000,,,100000,1000000,120,300,3,5,n2-highmem-4,n2-standard-2,1,2,3,,106865.76,3588627,4732599,4946519,4994651,3588.627,4732.599,4946.519,4994.651,21845848,10213879,0,16629772,True,107858.0,,,,,3611176.5,5468586.5,7293856.0,9618293.0,44096664,20618138,0,33378365,0.0,67.4,34.77,,,"2 of 3 planned runs (coordinator killed by a ~24.5min background task limit during run 3's balance verification). Recovered from coordinator log, not results.json - no stddev/CV available. Histogram widened to 20s for this run, so latencies are real"
25,cloud/tigerbeetle/z2.0/rate160k,knob-sweep,run_20260807_120613,config.cloud-tigerbeetle-hotspot-rate160k.toml,hotspot-knob-sweep-results.md (recovered from coordinator log),tigerbeetle,,cloud,fixed_rate,2.0,160000,400000,,,100000,1000000,120,300,3,5,n2-highmem-4,n2-standard-2,2,2,3,,108850.25,3633726,6204574,9641193,14241935,3633.726,6204.574,9641.193,14241.935,22250816,10404259,0,16748593,True,107858.0,,,,,3611176.5,5468586.5,7293856.0,9618293.0,44096664,20618138,0,33378365,0.0,67.4,34.77,,,"2 of 3 planned runs (coordinator killed by a ~24.5min background task limit during run 3's balance verification). Recovered from coordinator log, not results.json - no stddev/CV available. Histogram widened to 20s for this run, so latencies are real"
26,cloud/tigerbeetle/z2.0/rate120k-aborted,ceiling-bisect,run_20260818_105721,config.cloud-tigerbeetle-hotspot-rate120k.toml,"results/run_20260818_105721/ (config only, no results.json)",tigerbeetle,,cloud,fixed_rate,2.0,120000,300000,,,100000,1000000,120,300,3,5,n2-highmem-4,n2-standard-2,,0,,,,,,,,,,,,,,,,,,,,,,,,,,,,,,,,,,no results.json,ABORTED - no results.json was written
27,cloud/tigerbeetle/z2.0/rate120k,ceiling-bisect,run_20260818_105944,config.cloud-tigerbeetle-hotspot-rate120k.toml,results/run_20260818_105944/results.json,tigerbeetle,,cloud,fixed_rate,2.0,120000,300000,,,100000,1000000,120,300,3,5,n2-highmem-4,n2-standard-2,1,3,3,435.087,105947.73,2483100,3103410,3820682,3982068,2483.1,3103.41,3820.682,3982.068,21656338,10127981,0,4261780,True,107111.76,835.79,0.007803,105947.73,107871.54,2499840.7,3204200.7,3840840.0,3984083.7,65678203,30722378,0,13359159,0.0,89.3,12.37,,,"first genuine throughput shortfall (89% of offered). p999 lands just below the widened histogram's 4s bucket edge - UPPER bound, true value in 3-4s"
27,cloud/tigerbeetle/z2.0/rate120k,ceiling-bisect,run_20260818_105944,config.cloud-tigerbeetle-hotspot-rate120k.toml,results/run_20260818_105944/results.json,tigerbeetle,,cloud,fixed_rate,2.0,120000,300000,,,100000,1000000,120,300,3,5,n2-highmem-4,n2-standard-2,2,3,3,435.898,107871.54,2513789,3214412,3842882,3984288,2513.789,3214.412,3842.882,3984.288,22046901,10314560,0,4570068,True,107111.76,835.79,0.007803,105947.73,107871.54,2499840.7,3204200.7,3840840.0,3984083.7,65678203,30722378,0,13359159,0.0,89.3,12.37,,,"first genuine throughput shortfall (89% of offered). p999 lands just below the widened histogram's 4s bucket edge - UPPER bound, true value in 3-4s"
27,cloud/tigerbeetle/z2.0/rate120k,ceiling-bisect,run_20260818_105944,config.cloud-tigerbeetle-hotspot-rate120k.toml,results/run_20260818_105944/results.json,tigerbeetle,,cloud,fixed_rate,2.0,120000,300000,,,100000,1000000,120,300,3,5,n2-highmem-4,n2-standard-2,3,3,3,436.003,107516.0,2502633,3294780,3858956,3985895,2502.633,3294.78,3858.956,3985.895,21974964,10279837,0,4527311,True,107111.76,835.79,0.007803,105947.73,107871.54,2499840.7,3204200.7,3840840.0,3984083.7,65678203,30722378,0,13359159,0.0,89.3,12.37,,,"first genuine throughput shortfall (89% of offered). p999 lands just below the widened histogram's 4s bucket edge - UPPER bound, true value in 3-4s"
28,cloud/tigerbeetle/z2.0/rate100k,ceiling-bisect,run_20260819_123830,config.cloud-tigerbeetle-hotspot-rate100k.toml,results/run_20260819_123830/results.json,tigerbeetle,,cloud,fixed_rate,2.0,100000,250000,,,100000,1000000,120,300,3,5,n2-highmem-4,n2-standard-2,1,3,3,424.574,101120.97,776205,1362149,1472684,1497554,776.205,1362.149,1472.684,1497.554,20674313,9661978,0,0,True,101497.31,296.98,0.002926,101120.97,101846.95,796616.0,1387469.3,1482785.0,1622449.0,62222532,29125043,0,0,0.0,101.5,0.0,,,"clean: 0 dropped, 101% of offered rate"
28,cloud/tigerbeetle/z2.0/rate100k,ceiling-bisect,run_20260819_123830,config.cloud-tigerbeetle-hotspot-rate100k.toml,results/run_20260819_123830/results.json,tigerbeetle,,cloud,fixed_rate,2.0,100000,250000,,,100000,1000000,120,300,3,5,n2-highmem-4,n2-standard-2,2,3,3,424.427,101523.99,799011,1389760,1482274,1643105,799.011,1389.76,1482.274,1643.105,20754546,9702652,0,0,True,101497.31,296.98,0.002926,101120.97,101846.95,796616.0,1387469.3,1482785.0,1622449.0,62222532,29125043,0,0,0.0,101.5,0.0,,,"clean: 0 dropped, 101% of offered rate"
28,cloud/tigerbeetle/z2.0/rate100k,ceiling-bisect,run_20260819_123830,config.cloud-tigerbeetle-hotspot-rate100k.toml,results/run_20260819_123830/results.json,tigerbeetle,,cloud,fixed_rate,2.0,100000,250000,,,100000,1000000,120,300,3,5,n2-highmem-4,n2-standard-2,3,3,3,424.719,101846.95,814632,1410499,1493397,1726688,814.632,1410.499,1493.397,1726.688,20793673,9760413,0,0,True,101497.31,296.98,0.002926,101120.97,101846.95,796616.0,1387469.3,1482785.0,1622449.0,62222532,29125043,0,0,0.0,101.5,0.0,,,"clean: 0 dropped, 101% of offered rate"
29,cloud/tigerbeetle/z2.0/rate90k,ceiling-bisect,run_20260819_135857,config.cloud-tigerbeetle-hotspot-rate90k.toml,results/run_20260819_135857/results.json,tigerbeetle,,cloud,fixed_rate,2.0,90000,225000,,,100000,1000000,120,300,3,5,n2-highmem-4,n2-standard-2,1,3,3,424.393,91250.35,703552,1316687,1464417,1497656,703.552,1316.687,1464.417,1497.656,18640838,8734267,0,0,True,91165.04,178.21,0.001955,90917.0,91327.76,705370.0,1316030.0,1464017.0,1497314.0,55891847,26156685,0,0,0.0,101.3,0.0,,,"clean: 0 dropped, 101% of offered rate"
29,cloud/tigerbeetle/z2.0/rate90k,ceiling-bisect,run_20260819_135857,config.cloud-tigerbeetle-hotspot-rate90k.toml,results/run_20260819_135857/results.json,tigerbeetle,,cloud,fixed_rate,2.0,90000,225000,,,100000,1000000,120,300,3,5,n2-highmem-4,n2-standard-2,2,3,3,424.48,90917.0,707574,1323561,1465711,1497695,707.574,1323.561,1465.711,1497.695,18581525,8693574,0,0,True,91165.04,178.21,0.001955,90917.0,91327.76,705370.0,1316030.0,1464017.0,1497314.0,55891847,26156685,0,0,0.0,101.3,0.0,,,"clean: 0 dropped, 101% of offered rate"
29,cloud/tigerbeetle/z2.0/rate90k,ceiling-bisect,run_20260819_135857,config.cloud-tigerbeetle-hotspot-rate90k.toml,results/run_20260819_135857/results.json,tigerbeetle,,cloud,fixed_rate,2.0,90000,225000,,,100000,1000000,120,300,3,5,n2-highmem-4,n2-standard-2,3,3,3,424.396,91327.76,704984,1307842,1461923,1496591,704.984,1307.842,1461.923,1496.591,18669484,8728844,0,0,True,91165.04,178.21,0.001955,90917.0,91327.76,705370.0,1316030.0,1464017.0,1497314.0,55891847,26156685,0,0,0.0,101.3,0.0,,,"clean: 0 dropped, 101% of offered rate"
